<?xml version="1.0" encoding="UTF-8"?>
<project-private xmlns="http://www.netbeans.org/ns/project-private/1">
    <editor-bookmarks xmlns="http://www.netbeans.org/ns/editor-bookmarks/1"/>
    <editor-bookmarks xmlns="http://www.netbeans.org/ns/editor-bookmarks/2" lastBookmarkId="0"/>
    <open-files xmlns="http://www.netbeans.org/ns/projectui-open-files/2">
        <group>
            <file>file:/Users/francoisdeschamps/Devt/Java/StarLogin/src/StarLogin/Systeme/Enum/OS.java</file>
            <file>file:/Users/francoisdeschamps/Devt/Java/StarLogin/src/StarLogin/IHM/MainClass.java</file>
            <file>file:/Users/francoisdeschamps/Devt/Java/StarLogin/src/StarLogin/IHM/components/Options.java</file>
            <file>file:/Users/francoisdeschamps/Devt/Java/StarLogin/src/StarLogin/StarLoginManager.java</file>
            <file>file:/Users/francoisdeschamps/Devt/Java/StarLogin/src/StarLogin/IHM/components/ImageSurface.java</file>
            <file>file:/Users/francoisdeschamps/Devt/Java/StarLogin/src/StarLogin/IHM/DialogDoc.java</file>
            <file>file:/Users/francoisdeschamps/Devt/Java/StarLogin/src/StarLogin/Persistence/DataBaseConnection.java</file>
        </group>
    </open-files>
</project-private>
